fermi level,e_form,gap is direct,mu_b
0.204225045997,1.12,1,0.0020543170351849933
0.24223668347199998,0.64,1,1.9491855865452832
0.157961939897,2.06,1,0.007535956520776209
0.20397744235399998,1.54,1,2.0000000735493755
0.269481985546,0.92,1,1.8544387755128606
0.183043810799,2.1,1,2.9976909463982366
0.171670588342,2.42,1,4.879856692123044
0.17216894839000002,1.54,1,2.0003452446510828
0.362634450641,0.64,1,1.1793297115969599
0.173987365545,2.12,1,-0.7724358798941221
0.239141381982,0.76,1,1.2767894084220188e-06
0.32741008854000003,1.74,1,2.3719458954483303
0.10378674495100002,3.02,1,0.0001598408963036525
0.33569753289300003,1.36,1,2.2651281548363005
0.267704045262,1.9,1,0.3957230804098586
0.293338217267,1.1,1,0.013402105742173374
0.21673846526299997,1.44,1,0.37091828745359295
0.242047365094,2.26,1,2.5931223475095297
0.22957006986499998,1.7,1,-0.22055302549892106
0.298075592843,1.42,1,-1.3907970636030524
0.388409033073,0.94,1,0.2356809035651359
0.175911974326,1.6,1,0.8096240015576868
0.270004494815,1.24,1,1.9815682520914333
0.192418025509,0.86,1,2.190553690011494
0.16506537580800001,1.34,1,1.2361845089467884
0.13359110920999998,1.16,1,0.985466863535354
0.172193660346,1.18,1,0.0
0.37796793446099997,1.2,1,0.0017470267646242375
0.0639158079653,2.72,1,0.0
0.16034744779899998,1.98,1,0.5507864801063338
0.282114357463,1.92,1,3.210103982065604
0.202121803675,1.9,1,0.0009824273874965428
0.253345091087,1.16,1,-0.0009025296077328694
0.0747903725154,3.34,1,-2.7260332766596744
0.196403871366,1.58,1,1.6282321967874966
0.096993430941,1.64,1,-0.10126673297508804
0.283144265688,1.46,1,-1.6893272283410634
0.328016317778,1.7,1,0.0009262291139684463
0.159231396434,0.92,1,0.0004796855025155367
0.0869830881658,3.12,1,1.9537066223094843
0.23471444463000002,2.14,1,3.6396753590173527
0.239172436893,1.42,1,0.0
0.252690716344,1.14,1,0.6222305026751087
0.130068427833,2.3,1,0.6655152038440004
0.250646279186,1.7,1,-0.4000527053386945
0.269814783334,0.8,1,2.6263917305868745e-05
0.249622809522,0.6,1,0.04994778120493848
0.11525284520300001,2.16,1,0.004563677867274407
0.25931386992,2.9,1,1.8139966375425016
0.31759060415,1.7,1,0.8058217835896057
0.27194382758200003,1.26,1,0.0044051241511251496
0.157261299684,2.2,1,0.45947016548166
0.28125318440499997,1.76,1,-2.4111866642086026
0.139369150605,1.74,1,0.0018096277326124504
0.13665530854900002,3.6,1,0.0
0.185197970027,0.88,1,0.9927403739654252
0.258530603087,1.52,1,-0.00041602500322632854
0.206711715702,1.4,1,0.2637079583681227
0.184752856913,2.78,1,1.4363836207793066
0.262699809085,1.14,1,0.2553477469409539
0.22236709510400002,0.98,1,1.0250887435123346
0.19477131278499998,0.6,1,1.9000485771143893e-12
0.378458693859,0.78,1,0.03872423779600709
0.146262797775,1.64,1,2.421889998690787
0.23692190978100003,0.22,1,0.15809113399574673
0.211876751184,2.34,1,4.386060634660722
0.334457943972,0.94,1,-0.1819014492596448
0.296124287001,1.82,1,-0.000160277923161208
0.325712724101,0.78,1,2.4340903185479106e-15
0.288789354592,1.34,1,0.020813244641153972
0.206801223984,1.94,1,-1.1044222821587222e-05
0.156964723025,2.16,1,2.447932521318976
0.156707451068,1.66,1,2.995100725327436
0.273072476821,0.64,1,-8.917128097988369e-16
0.256728147133,2.1,1,-2.2180857660493625
0.247840774148,0.94,1,3.9999999998380966
0.229551163003,0.8,1,0.06323832758618053
0.270373232025,1.96,1,3.681030520502912
0.267929420594,0.94,1,3.917685299190021
0.10730291521600001,1.56,1,1.4040763775755636
0.325779851178,1.62,1,0.002315276588802817
0.293816465258,1.46,1,0.0005631928131606402
0.256587904256,2.1,1,0.40606978059578935
0.204561523262,1.16,1,1.666640890046413
0.188163766281,0.9,1,-0.6498590317812231
0.32284273855900003,0.94,1,0.4745716230397823
0.311854159631,1.38,1,0.6079979702127005
0.132908072316,0.78,1,0.9964326699840348
0.2337878462,1.56,1,3.7859315719809987
-0.0343416523257,2.66,1,0.0
0.157402481574,1.88,1,3.672821527585001
0.211652809794,1.26,1,5.36624275103109e-13
0.242802089247,1.2,1,0.7131066283651178
0.248843407662,1.2,1,2.5052871572839308e-05
0.27942188463,1.32,1,3.942660981012084
0.191821436516,1.78,1,2.3545222283363394
0.140397807447,2.56,1,2.27839580899253
0.297104641288,0.86,1,-0.3096139842438237
0.122497267149,2.06,1,0.8905019121951625
0.303806229558,2.06,1,0.016533395532992042
0.28829381492600004,1.68,1,1.138430333287356
0.232325666637,0.5,1,1.7478586804782985
0.333808812888,0.5,1,0.9948519128157294
0.27987384113,1.58,1,-0.16089246742092192
0.25737697168699997,1.34,1,4.278530295392552
0.171119236963,1.02,1,1.1325616858703675
0.149139573546,2.06,1,1.5478907543494849
0.257822819767,1.7,1,1.3337992499657894
0.112599901504,1.52,1,2.0000025848521616
0.215908905728,1.26,1,3.271462916316582e-14
0.220137680976,1.04,1,-1.8750544610495792
0.12825214614299998,3.74,1,5.000662638791418
0.34378408532899996,1.52,1,-0.1978464759541488
0.294166838431,1.68,1,1.1125032872637242
0.0565045411088,2.38,1,0.0
0.276882856945,1.64,1,0.0025860045322581185
0.09291898625910001,1.26,1,1.9999269236115504
0.268151171182,1.08,1,0.7142291014096465
0.223342725672,1.56,1,0.2880614638964012
0.223478385532,1.18,1,1.6494325160772971
0.239798304863,0.92,1,0.9991676958093298
0.183470217178,1.28,1,0.0008961159800336074
0.0829167281997,2.26,1,-1.2311887544484592e-14
0.17452044072,1.22,1,1.0242080152317214
0.222724290887,1.3,1,0.8231324696260671
0.20746279317299998,2.0,1,3.3868306944760675
0.260362560427,2.24,1,2.8306736612108767
0.235891159763,0.72,1,-2.788699645949757
0.27278915637,2.36,1,-0.002586607671869811
0.12191443181600001,0.7,1,0.9519375523140424
0.17623629189800002,1.06,1,5.868426691077103e-11
0.286519290501,1.3,1,0.0108690277055139
0.38581225878200004,1.3,1,0.1873713810551543
0.258771057887,1.84,1,0.6625630528117803
0.32426349630999995,2.88,1,0.7254854717225356
0.22759937394299998,1.76,1,-0.0007777960989741131
0.235551451257,1.94,1,1.1872412851341636
0.159567121215,1.02,1,2.6080091444090847
0.147752675931,3.5,1,4.573139206311994
0.261610074448,0.8,1,0.3196714791799061
0.246779855203,0.78,1,0.0038998326027908092
0.125813343115,2.24,1,5.222034118554265e-15
0.261332727976,0.34,1,3.583844103143805e-11
0.32938543095899997,0.8,1,-0.00137836474618989
0.199015835226,3.68,1,4.939859203095574
0.384965755824,1.16,1,-2.308112164380582
0.257760074657,2.36,1,0.03717725778331804
0.224725968572,0.34,1,0.9999934365505504
0.203803242541,1.08,1,0.5615297129385918
0.23216307743,1.42,1,0.43610852997035815
0.177671090851,1.84,1,1.7943923709030754
0.353110347204,1.26,1,2.0236183611808327
0.282864727406,1.4,1,4.315679114066917
0.298107513011,1.14,1,1.3313080912836917
0.217559199549,0.86,1,-0.0012237504503541529
0.239549660628,1.78,1,0.0010990338694174544
0.0648734448112,1.68,1,-0.0038927805497052095
0.263182023016,1.68,1,0.4826121926989231
0.243311594115,1.2,1,0.3177255819011152
0.221078323473,1.34,1,3.6094518935020825
0.123866277629,1.28,1,2.9547301402201733
0.158449764332,2.2,1,5.2855372352667025e-05
0.176504035691,1.32,1,0.4519148790865515
0.22590291383900002,1.18,1,-0.5084671466009127
0.230755641687,2.1,1,2.1895344222186317
0.282049205812,1.08,1,-0.7367619432289504
0.22161886361699998,0.8,1,1.9518813295182549
0.257300595426,1.94,1,0.9209739001956956
0.292907664608,1.78,1,0.8117703933815221
0.273294223129,1.5,1,0.44770460904023857
0.137545034456,1.7,1,0.0006173708541368228
0.33821721391000004,0.98,1,2.343317202004229
0.141594772822,1.5,1,-1.0679789155990649
0.12368994053,3.3,1,6.6836087164337075
0.190231053057,0.82,1,0.8049777884189845
0.293518558921,0.46,1,6.930868560659601e-15
0.176933618082,0.84,1,0.9972560041591229
0.213538291254,0.62,1,-1.1072080453677566
0.129098392251,1.0,1,2.1431397541287933
0.39892559632299995,0.72,1,0.018888021403284938
0.213588419991,1.58,1,-0.0021252153823450247
0.322868618794,1.2,1,0.5813735415133044
0.222624735602,1.6,1,1.9820478564181019
0.190987607676,1.68,1,2.3000269044284845
0.11354199624399999,1.6,1,-0.011262485398142369
0.22204029484499999,1.34,1,1.3223194112520071
0.24655857375300003,1.44,1,0.0
0.41242353786200003,0.58,1,-0.0006255694990515691
0.297099918143,1.12,1,0.1262967148293868
0.22649903319200002,1.42,1,2.379290108818186
0.232532621252,1.5,1,0.01124182173586874
0.103797385099,2.72,1,5.999999979863457
0.362205254275,1.34,1,-9.164002301618372e-16
0.287270975465,0.56,1,1.6033539235310281
0.35754169600599994,1.34,1,1.853435367655523
0.243035661689,0.72,1,-5.152527979370288e-15
0.243311487875,0.72,1,0.6264020698850494
0.11292743244,1.3,1,1.2821655444668445
0.267701819441,0.36,1,-4.687971731000718
0.149111877734,1.7,1,-0.00218772258357895
0.21509671928500002,0.56,1,4.395156509999868
0.277320397116,1.44,1,-0.2123796567250832
0.283210808874,0.88,1,-1.7372989048376446e-15
0.336027399886,1.4,1,0.02861397849197012
0.341019820993,1.94,1,1.189567884516846
0.3879564935,0.94,1,-0.8872602151595947
0.143603201521,2.26,1,-0.14218471814594105
0.183890103028,1.46,1,5.325225823476278
0.13439121923800001,1.38,1,1.6385127592993722
0.273252697047,1.18,1,0.008911082514295288
0.273776033374,1.64,1,-2.7145391014116165e-05
0.221458396113,2.76,1,2.934727623944627
0.23666311382,0.98,1,0.09106357743929296
0.283155337861,1.3,1,0.5969917115573615
0.138586043728,1.12,1,4.905834707954252
0.10392011628100001,2.14,1,4.999969770378517
0.10919526477399999,2.0,1,-2.174039459062925
0.271267532449,1.04,1,-1.0439474309100594e-12
0.0676561149331,1.66,1,0.0
0.22164748809300003,1.16,1,-0.08641776372651633
0.278742954723,2.72,1,-0.7383670974778467
0.19967665745700003,1.22,1,3.1544151740041464
0.330920499019,0.56,1,0.0329053978506515
0.235085958532,0.6,1,3.757037690292673
0.195512522739,1.04,1,1.0040186206085249
0.180837063449,1.26,1,2.5434807167438582
0.243769947304,1.32,1,-2.7182768291549317
-0.0299123693211,2.88,1,0.0
0.0716939408434,2.48,1,1.9999998736963496
0.246741290878,2.22,1,1.3251888498800373
0.261551416927,1.04,1,5.7268622285278063e-05
0.240950176705,1.7,1,2.7779641251043112
0.351743814389,1.0,1,2.184680320578702
0.212284024826,0.42,1,2.0000226439466484
0.0937021475496,1.9,1,3.0047982903850685
0.263952447675,1.6,1,1.8699413899401556
0.18098028348200002,4.6,1,-1.1830126171955029
0.25826197901000003,0.74,1,-7.700591559967048e-07
0.304161234433,1.18,1,0.3387590314007962
-0.0169834724057,2.54,1,0.0
0.20517023395999998,0.84,1,0.0009874439509367503
0.0783211182605,3.08,1,0.0
0.161407055531,2.22,1,1.1720992217862154
0.254757246159,0.76,1,0.22399485197332325
0.141541061469,2.02,1,4.95401315099465
0.219283014418,0.74,1,-0.07901764239828911
0.22889953333000002,2.72,1,0.015625746630750118
0.26022043653099997,0.76,1,3.558190695032509
0.33953121389799995,0.82,1,0.9005738300262963
0.101265798748,2.4,1,4.997971209101138
0.273766766878,1.96,1,0.2716367028320992
0.308877837742,1.3,1,2.5089014654969093
0.253379322205,1.92,1,0.0
0.2395807588,1.66,1,1.839373018904258
0.320990627894,1.04,1,-0.9754426663737792
0.248973683138,1.48,1,0.468189521761797
0.147978502291,1.88,1,0.0010080482157927683
0.178939576939,1.08,1,-0.0004833402019275869
0.207723144669,1.1,1,1.1487173570589777
0.15526773611199998,2.46,1,-1.4488766361533192
0.174150544317,2.28,1,4.785036524471824
0.22858435238699998,1.48,1,0.1726201621113503
0.183136828211,1.28,1,-0.012342745088166764
0.238380526592,1.24,1,0.7549940149729504
0.270668042982,1.06,1,-1.6616068951202403
0.157451828477,3.82,1,1.9231772708059829
0.23610996349399999,1.76,1,0.9392474577971336
0.23048309309,1.26,1,0.003623861346202517
0.23712301832899998,2.76,1,-2.4882160310190935
0.311531076531,1.24,1,0.02545988434206592
0.0814215103449,3.26,1,0.0
0.25279250347300003,1.92,1,1.3059746229059748
0.341819955687,1.6,1,-0.3077165843313542
0.178813036008,2.14,1,-2.0979563821077733e-11
0.176834915717,2.72,1,0.0012702377627338154
0.391615117636,0.78,1,2.4473066995677826
0.36293077543799995,1.24,1,1.3645218609336147
0.284689879162,0.84,1,2.135324127418606
0.16843131329100003,1.66,1,1.1751526305153348
0.235404211063,2.02,1,-0.15693202415744714
0.270296409412,0.62,1,1.9966032566325076
0.38770823026199996,1.42,1,2.5374596200591384
0.312307116923,0.94,1,2.4927910412081222
0.27473926803800003,1.0,1,-0.08849063530964267
0.162595378127,1.0,1,0.006651332670333686
0.22139166415199998,1.62,1,0.23174930320408116
0.334828299935,1.6,1,-0.3858231852246468
0.25836474771699997,1.3,1,1.9962681790763543
0.0845981132623,1.86,1,-1.2384445405435147
0.328996987027,0.98,1,1.9720724814888544
0.19184154691,1.2,1,-1.2874331383782844
0.19527318165999996,0.6,1,2.8773738343046165
0.246906871261,1.64,1,-0.2997690451383139
0.221007329059,0.96,1,0.0
0.168401331955,1.22,1,-0.0002852575706559752
0.238182274706,1.46,1,1.0663016642362992
0.19252476296799997,1.34,1,2.6830843981428814
0.187468809239,0.92,1,2.932259935433428
0.19839558353,1.3,1,1.2300362984659328
0.0532498700743,1.26,1,0.0
0.221003946659,1.02,1,2.999370114729212
0.217578860747,1.4,1,-0.7610361913477712
0.18139879968400002,1.8,1,2.0649011265258017
0.0311134075867,2.08,1,0.0
0.20564682847899998,1.8,1,-0.005471479837829801
0.292400083311,1.28,1,1.829833825266604
0.328641343689,-0.08,1,0.09432269345955646
0.25928668200599997,1.1,1,0.4052334256327868
0.23062951196400003,2.22,1,1.229067674177422
0.23746002249499998,1.94,1,4.91263899052143
0.262140566496,1.8,1,1.5726108056135568
0.18918474524999998,1.7,1,-5.274484174214746e-05
0.245391933143,0.36,1,0.5307371819801077
0.161445988534,1.4,1,1.2424886782289877
0.0294735169229,2.04,1,0.0
0.15159891991399999,1.06,1,0.3626026150834463
0.189746248345,0.66,1,0.4404730080120736
0.206150566027,0.6,1,5.130293454446019
0.22396358639199998,1.7,1,-0.5000051071017577
0.215228578636,0.9,1,0.239803529335747
0.158797458616,1.26,1,0.0
0.22946242846099998,1.04,1,3.0437576146922547
0.1667975232,1.84,1,4.283318781890024
0.22304044909,2.06,1,-0.00012774068173241986
0.117837073409,2.38,1,0.3408889299632527
0.224812644851,4.38,1,2.3309271184133933
0.0193956241728,3.02,1,3.000008618656913
0.263235128829,3.26,1,2.114995957891366
0.32812638821199996,1.98,1,-0.17060872817056622
0.168258119912,1.34,1,0.2347502414296585
0.238658721825,1.78,1,2.9946050798205803
0.181420316926,1.0,1,-3.0943897490329483e-12
0.257705942558,1.08,1,0.1925781529980615
0.106886829947,3.54,1,4.965946494519266
0.264845010457,1.28,1,-3.491484817289819e-16
0.037855916045800006,1.16,1,1.9999986564572063
0.225630827609,2.22,1,-3.261232562946512
0.145662721132,4.52,1,1.2192430609700369
0.108863605692,2.14,1,-0.31800902271895204
0.23365973634799997,2.04,1,3.2028442125474648
0.242049157732,1.28,1,-4.166770993879381
0.0929042858983,1.34,1,0.005361658228554944
0.198856674378,3.58,1,3.2244421787832067
0.219513821593,2.02,1,3.7867940370379074
0.0267638998515,1.86,1,0.0
0.163196708379,0.98,1,1.795826779761999
0.30351475762200003,0.52,1,1.2195127270160846
0.318095518849,1.22,1,0.1649719657598716
0.421978405365,0.46,1,-0.07319525989526676
0.151205055779,1.94,1,-1.4877181283777643
0.307210762723,1.52,1,0.002248447460525327
0.164870424903,0.92,1,1.0073903415087564
0.198765841583,2.04,1,-0.03317698854161485
0.271369666487,1.04,1,2.999385945317808
0.098527752355,2.5,1,2.9999881654306986
0.450252814766,0.06,1,0.022384005220004614
0.17714655862,2.68,1,1.9677151040213408
0.122788595452,2.34,1,-0.0066935021242585935
0.15678270126399999,0.86,1,3.78194770658755
0.210894589705,1.64,1,-0.0009094186633732332
0.175622753622,1.52,1,0.7880116378868038
0.353480313443,1.68,1,-3.42848261390617
0.0947264079981,1.4,1,2.9951824144348467
0.24739745966600002,0.5,1,3.588360935183992
0.12086085981799999,2.98,1,1.332279669764656
0.30294703533100004,2.08,1,2.917055585328905
-0.000135776072799,2.38,1,-2.2663290253724853
0.24140621136799997,0.48,1,8.339500601171003e-15
0.27796933110100003,2.14,1,2.755026578762485
0.274836676689,1.08,1,0.764060851028038
0.19227015307,1.92,1,2.03687849470371
0.249532026534,2.08,1,-0.00030376342427424765
0.0736460266037,3.7,1,0.0
0.21046299467500001,1.66,1,-3.5044968403934487
0.20409573412300003,1.68,1,3.8864449833126278
0.108219748564,0.8,1,1.9990385006541909
0.301976744507,1.48,1,1.947288788160284
0.18150018012000002,1.72,1,1.05047840644324
0.194785553266,1.7,1,-0.5388381900402971
0.257970485753,0.96,1,0.5131925390563765
0.30225412439300003,3.34,1,0.6096612738229616
0.303289493096,1.36,1,0.972117156718399
0.269221751763,1.1,1,2.5755081952219943
0.252708845026,1.78,1,0.0
0.198995514155,0.86,1,2.72723043427898
0.105645524691,1.42,1,2.999999993257482
0.265919761133,0.54,1,2.9362380752350097
0.11933916011,2.04,1,-3.877677667499292
0.19256122312899998,0.4,1,-2.6694718301661555
0.332087631273,0.74,1,-0.322481132113196
0.108849871325,1.8,1,3.992300474087351
0.268668806778,0.84,1,1.3722115742130148
0.060228958514900004,3.48,1,5.999991091019895
0.191929310313,1.1,1,1.174037834061892e-06
0.156336133087,1.4,1,0.0
0.352630046593,1.46,1,8.637191302896907e-16
0.224675797296,1.2,1,-5.789069330575102e-06
0.18912455441,1.44,1,-0.00015015654683832997
0.19882285522100002,1.58,1,0.8607304734119552
0.25843486235999996,0.7,1,-1.085574079880268e-14
0.17983605782099998,1.62,1,3.9999705157427456
0.14980231044700001,2.02,1,2.011799244215471
0.243954738427,0.74,1,9.294325700523328e-15
0.25714391987,0.82,1,1.4447028014961002e-15
0.19205211646200002,1.3,1,-2.389476776443189e-07
0.24991026664000002,2.72,1,1.6020938779132443
0.263874354155,0.7,1,0.020844794118392684
0.23347110510699998,0.84,1,2.625121440460767
0.119059932282,1.4,1,2.6544058906526264
0.14311255906,1.6,1,0.0018802428272071121
0.324498868005,0.98,1,0.0006269035622246122
0.25466871905099997,0.14,1,0.021284993892987103
0.257005725363,2.64,1,1.219524936101207
0.169970397942,2.52,1,-0.2780765697868544
0.32726196728,0.74,1,1.9243867412187647
0.33574974725199996,0.38,1,5.312387912681515e-06
0.25664431305999996,0.58,1,-0.0008493105634157514
0.166529742175,2.68,1,4.940618861652193
0.29422149077,1.54,1,0.026474247043331903
0.165060278321,1.86,1,1.0172589902400393
0.262685233534,1.04,1,-0.011219650046530786
0.332238068804,1.08,1,-0.1361957562531231
0.29927237296,1.6,1,-0.05972811475958401
0.161108469038,1.1,1,5.4585639964946915e-14
0.354723395037,1.56,1,3.144372568573308
0.149105745213,2.42,1,3.1030373159769
0.23415585689399998,0.9,1,0.0
0.23147215454,0.5,1,3.5396531643527844e-05
0.102879671846,1.38,1,0.0
0.239137087143,2.48,1,0.8447393741206
0.256564307544,1.68,1,0.00019698214137520148
0.282868047292,0.64,1,-2.5599279369761545
0.325829149431,1.76,1,3.3080759357836422
0.141925489901,1.86,1,2.5979945086965133
0.168088461096,1.46,1,0.2720516256728871
0.21244600441199998,1.62,1,-0.001875663174296774
0.10018698548,1.4,1,0.8493662763977277
0.24355572089400002,1.16,1,3.177163889153311
0.206216318345,0.56,1,2.9546882736279265
0.00157702673407,2.36,1,0.0
0.20266376893399998,2.3,1,-0.00020541718407323265
0.141517172468,1.36,1,0.9994710956589364
0.237196617383,1.46,1,1.1610549419352747
0.21098991814100002,1.26,1,-6.615038893783271e-06
0.261539252427,1.26,1,0.0
0.17620417189100002,2.98,1,-0.8164020837671547
0.305024490612,1.12,1,-0.28607930281442745
0.24159748118500002,1.46,1,0.9352139983703686
0.161005837861,2.2,1,0.8831100592187762
0.307951365712,1.44,1,4.6169045515032945
0.0102734377625,2.7,1,0.0
0.30235114613200004,1.2,1,2.000211402730432
0.293276581226,1.48,1,-2.869204580339077
0.21210359558400002,3.04,1,0.0
0.24604602105,0.82,1,7.268924671013227
0.1319492584,1.24,1,-1.5577514978904612
0.23249230864,1.92,1,0.8464406557503921
0.290456308772,1.18,1,2.555172454882804
0.21546260232900002,1.34,1,-0.0006298858517417344
0.115677620666,1.1,1,1.9744178107882409
0.300330807232,1.14,1,1.8488971464274555
0.259070663838,1.9,1,1.9998910312534708
0.27107591917199997,0.78,1,0.4859321393162954
0.31531753726100004,1.36,1,0.016868271377457944
0.248028744221,0.6,1,0.00022066395260722518
0.0195767725255,3.4,1,0.0
0.322848338073,1.44,1,5.464671928986422
0.11123990204000002,0.92,1,0.9974980888569398
0.21184084915100002,1.14,1,7.777673441939591
0.26128509115299997,0.1,1,0.0003690663458253524
0.07168752319010001,1.48,1,-0.013276688012321972
0.29281189688299997,0.48,1,2.2631386219735335e-12
0.203006193655,1.62,1,0.0017984989613175626
0.07608233516039999,3.76,1,6.999999800709663
0.160092472294,2.04,1,0.0
0.24548787801,0.56,1,-1.924996985262997
0.165332761379,2.1,1,0.0013007245383533904
0.182851738431,1.02,1,0.3439092842126427
0.23043225642700002,1.44,1,1.3741961439245287
0.304267002504,0.42,1,3.424865381597238e-10
0.28047185263700003,2.44,1,2.000144289960648
0.200014751809,2.28,1,3.453044979382785
0.395131799336,1.08,1,4.184986096533737e-12
0.147297859617,1.96,1,-0.0001395240966369089
0.192851775409,1.86,1,0.0
0.411335740021,0.76,1,-0.058698944378017474
0.14807181180600001,1.74,1,1.4255250353888784e-12
0.27305167796,1.14,1,3.9303853715949018
0.272699594755,1.6,1,0.0004981362011093895
0.117462797741,4.18,1,4.760612676437511
0.315578061289,0.94,1,0.0021663925448667234
0.17930481673300003,1.68,1,0.004037979352750297
0.175365831195,0.9,1,2.9998630293525648
0.240481457958,0.9,1,1.9200456392469218
0.287908866951,0.92,1,0.00048503372426012003
0.09090706867930001,1.68,1,2.5621022665785858
0.25382971301999996,1.16,1,-3.7141306484576027
0.302445621555,0.94,1,5.471320379513145e-05
0.32468283732700004,1.08,1,0.0015716576926081414
0.146738321133,0.8,1,3.4304989540551745
0.190413742068,1.36,1,0.5435597496641869
0.269249843167,0.64,1,0.17379698697116205
0.125511353834,1.82,1,0.0
0.00486765698769,3.58,1,0.0
0.09445865556260001,1.32,1,1.9655203069272813
0.142305562753,1.52,1,4.4709598530885786e-15
0.23474493349800002,0.48,1,1.927513247840569
0.24729884849800002,1.42,1,-0.013406580635856482
0.0900729369675,1.24,1,2.9210252455775314
0.26763881328600003,0.96,1,0.4764631221405864
0.175860804497,0.78,1,0.004421754148889789
0.21015836285,0.74,1,2.977880656641238
0.18712010027399997,1.64,1,-0.0004373011924826144
0.22682615491,1.82,1,-1.6543283886168474
0.275850299127,1.48,1,1.4625342019080172
0.0488552100743,1.98,1,2.259169783547637
0.227961374592,1.98,1,1.9744641542459327
0.293136840648,1.08,1,1.006016547657063
0.344028978875,1.52,1,0.9565829360770232
0.171431056069,0.86,1,0.0
0.196062429608,0.96,1,0.8115885102386979
0.20984584729699998,2.38,1,1.9661075675523136
0.230504183363,1.62,1,3.9999625777757077
0.20309038759,2.18,1,-2.7106199384326946
0.206646914597,0.7,1,0.7581262758030612
0.25332653937,1.22,1,-0.006588617723157191
0.321767150475,1.58,1,0.2515176435018009
0.291768839504,0.4,1,9.65355700799364e-06
0.0663825217924,2.7,1,1.999967133592939
0.17580328667999998,1.04,1,0.576875342292853
0.19017880778000001,1.82,1,-2.278039033837119
0.0754509506405,2.52,1,-1.6769872737602158e-14
0.0354431585918,2.14,1,3.0597049046636613
0.154066518384,1.26,1,4.5517057663850835
0.128014922364,1.8,1,0.004333996690533618
0.25733819198,0.82,1,1.99996326794162
0.158273343963,0.7,1,-0.14086502416112362
0.14334377792199998,1.48,1,-2.4108606507844925
0.332180813383,1.74,1,0.003507805235859252
0.232469535495,1.82,1,0.10335134947138867
0.150465227207,3.48,1,3.3369353300860887
0.13027802679300002,1.56,1,2.9987343683030883
0.279423856493,0.7,1,0.31088485610650096
0.104523381798,0.3,1,3.0576821830341268
0.138110337881,2.0,1,2.9997409716788352
0.35993128195,1.62,1,1.780082450402226
0.136969092246,1.5,1,1.7570560272497104
0.222421095463,0.5,1,0.9342368032630084
0.20409486279599998,0.58,1,-4.930332781549586e-15
0.21044276848000001,1.8,1,0.5781226444641892
0.14744324977,0.98,1,-1.2112097509163398
0.28244305829599997,1.58,1,1.651637916444905
0.19484743723099998,1.2,1,2.0000465092521824
0.220690888472,0.5,1,1.5100656998612286e-05
0.328608239757,0.64,1,1.4472971342995782
0.223008686083,1.58,1,1.0914334308682454e-15
0.258945244761,-0.04,1,8.296261249158683e-08
0.372581673274,1.1,1,0.0004203115876926233
0.0323996590323,1.54,1,1.3729226860556378
0.299152264227,1.78,1,2.856344686182183
0.208209540024,1.46,1,1.8281166655926848
0.17360584972399998,1.76,1,0.000993946207856314
0.242113914591,1.2,1,-0.22214435858751586
0.272120295136,1.48,1,3.6494952872854687
0.26054951531,1.86,1,0.008698514401885404
0.10297905258,1.86,1,1.393003547178751e-06
0.175579635085,2.34,1,2.3243400503902585
0.185405996849,1.02,1,0.0
0.285382944512,0.64,1,2.6152741751180533
0.18710605548300002,1.2,1,0.2331289683126148
0.204994490552,1.86,1,0.8161225191513921
0.0724737147393,1.7,1,0.0
0.017919499712799998,2.76,1,1.0000262439916112
-0.008597791914069999,3.2,1,0.0
0.22574777874000002,1.64,1,0.8273701231186551
0.259790477147,1.24,1,1.860993812916525
0.18417291484,1.18,1,0.025602969062390454
-0.00395540425001,2.84,1,0.0
0.39115815059500003,1.02,1,1.4651991681661194
0.263505073952,1.92,1,-0.005924577979984228
0.20385980419799998,1.08,1,6.293933381940067e-05
0.313111086233,0.92,1,2.2744102462424068e-15
0.27486685882,1.34,1,0.047689691628264086
0.188891510108,2.26,1,1.9811478089324692
0.209871909893,1.68,1,-0.1575628836966546
0.166816073526,2.6,1,0.0
0.287957671891,1.04,1,1.4121721742983335
0.224326034831,1.78,1,0.0054938788931622184
0.149201498732,0.98,1,9.973161426302112e-05
0.333668696587,0.98,1,-2.399647575419268
0.159214690879,0.82,1,0.9968511994443611
0.170637507779,1.8,1,2.0231952808512776
0.16479437307,3.16,1,-3.8555838537193936
0.0858705328217,2.76,1,-0.3116156712386329
0.175436718936,1.98,1,-2.051106552397349
0.109637130974,1.66,1,0.0
0.215566013193,1.44,1,0.6667737762990421
0.24341422291499998,0.56,0,-7.569040614305127e-06
0.282822380571,1.54,0,-3.956730537408895e-18
0.224685355101,0.48,0,8.717546723407987e-05
0.20677894403900002,-0.04,0,4.9892156034924744e-15
0.22633434701900002,0.92,0,-4.832313498837028e-16
0.234531002222,0.16,0,-3.405206593061109e-05
0.304174129113,0.86,0,-0.07873141701034927
0.292440367589,0.4,0,-8.270474750556606e-05
0.283903903214,1.16,0,3.5898383737856425e-16
0.19450973011599998,0.26,0,-1.0431555062203757e-05
0.190321012107,1.28,0,-0.0007320201383544872
0.265039944704,1.36,0,1.389764188644899e-15
0.373126636559,0.8,0,1.0290573659362084e-15
0.32113995408199997,0.82,0,-0.00011138585094808423
0.266728937532,0.76,0,0.008843599086560516
0.326011286624,1.18,0,5.522785131251784e-15
0.210491893673,0.56,0,0.00015595437699644776
0.361210447438,-0.04,0,-1.0594233935144802e-06
0.197323070114,1.1,0,-0.00011341759486514192
0.22276047107299998,0.28,0,0.0005190433869197256
0.356743944695,0.1,0,1.1053809927207277e-05
0.24407291952399998,1.78,0,-0.00010239461570780467
0.198594782053,0.28,0,0.011823147325447536
0.226471107463,0.1,0,-2.4422070245999754e-15
0.24625649935199997,1.02,0,-6.544738485021965e-16
0.20953321152899998,1.14,0,-9.378220303162177e-05
0.207399047432,1.14,0,-2.712674840548507e-15
0.265566896144,0.36,0,-2.9563125084215075e-15
0.27035604452100004,0.16,0,-1.1251919582578789e-15
0.152068136235,-0.32,0,0.00010823826057867336
0.224591964596,0.64,0,1.5059662569021389e-15
0.198532753534,0.32,0,-1.4084380381255898e-16
0.166872156745,1.04,0,1.2853839192051046e-15
0.23065101812199998,1.16,0,9.176341300588477e-06
0.399462174648,0.98,0,1.4101899640722398e-17
0.24214687971999999,0.78,0,0.00010067677708283196
0.17645637484,1.62,0,-0.00045704727177295145
0.230209426369,1.12,0,-1.7672393916574236e-15
0.456526731893,0.96,0,-0.0007237993673637284
0.197119606125,0.72,0,-1.4905508537244284e-05
0.330424703193,0.46,0,-3.089194747321318e-05
0.16478633714500002,0.32,0,-4.350578202727486e-05
0.292149891108,0.9,0,5.195768257948429e-05
0.415316061766,0.3,0,-0.000305183137073371
0.31477573973,1.5,0,2.1820577801534572e-05
0.365768731805,0.16,0,1.3324699538884295e-15
0.295780679033,0.46,0,-1.2403525476948705e-05
0.227778393897,0.62,0,0.0007509739261753207
0.25210444708,0.46,0,4.542650639432685e-15
0.167964593361,0.2,0,-9.694423740039673e-06
0.256848800569,0.94,0,-0.0012623458954317554
0.15102188693399998,1.58,0,-1.219720402776374e-15
0.183151736079,0.6,0,-0.0001856157132436473
0.35023620186800003,0.96,0,-0.0011991402913786046
0.38683703758599997,0.58,0,-5.473994095742051e-06
0.21048920609400001,0.18,0,-6.36852053998973e-05
0.133711412635,-0.06,0,8.775199117142788e-07
0.233488673747,1.22,0,0.00012021871310639099
0.212219250961,0.36,0,3.280458776269036e-15
0.209769921542,0.22,0,0.0004292925156648873
0.196291140625,0.58,0,-5.3394706955037876e-05
0.255879847708,0.18,0,-6.906880927476998e-05
0.18032924838599998,0.52,0,4.391789617491347e-17
0.20594034581,0.74,0,-0.00017959035341087433
0.339955754981,0.54,0,-0.00022029537391403032
0.255122256178,0.5,0,-0.0004804573360577544
0.226073799911,1.1,0,3.824841477850783e-05
0.238460344153,1.02,0,-0.0005919869477237227
0.24625896041700002,1.26,0,7.312331916864423e-06
0.121535140028,1.18,0,1.4641860019537491e-05
0.288638661195,0.2,0,-0.00011807964434228953
0.24261620181,0.62,0,-6.192984021882593e-16
0.122164029728,0.1,0,1.976734768820558e-06
0.212947887924,0.22,0,-9.246656459916135e-17
0.20976718445,0.26,0,-5.6927945788689003e-05
0.270971484992,0.42,0,-5.1627193854058745e-06
0.236977761353,0.54,0,3.999998198214328
0.246217895019,0.74,0,3.862450247227039e-15
0.16287578838400002,0.98,0,4.564129701770849e-05
0.213826431312,0.86,0,-7.4282526533610425e-06
0.31807728557500003,0.2,0,-3.452334754511186e-06
0.180921735367,0.94,0,-0.00013373181815224804
0.250735363599,0.88,0,-0.20936880608185476
0.296548321234,0.56,0,4.4415336475367434e-07
0.331609411836,1.24,0,-0.0003641524140015941
0.155023026923,-0.58,0,-0.00040877440778386016
0.191674927982,0.52,0,0.000919734555353102
0.289535116518,0.46,0,3.998709333259924e-05
0.215481874522,0.86,0,1.0567401261040927e-15
0.16184443980799998,1.72,0,-1.0558116096062566e-15
0.198422414994,1.34,0,-0.0008948134579679016
0.152818852591,1.08,0,-8.287495427339307e-05
0.24839073004599999,0.42,0,-0.00013700132555870105
0.21965251368799998,0.72,0,-4.5153452887802803e-07
0.199143885696,0.72,0,-7.371978651143617e-05
0.23951056707499999,0.32,0,0.0008681583517071191
0.274422141239,0.96,0,-0.00037361385659996367
0.21744379884,-0.58,0,-0.0003376443101349811
0.266929855799,0.94,0,1.400866117966646e-15
0.23061883901500002,0.48,0,-6.094979997934105e-05
0.292860905838,0.56,0,-3.3339910160116248e-15
0.228445027915,1.0,0,4.090210919413069e-15
0.278168062331,0.82,0,-1.9040415821791527e-07
0.340450086199,0.76,0,-1.0546914107503348e-14
0.20245377295000003,0.2,0,4.359201496790308e-16
0.195969225729,1.06,0,-0.00022761679638085586
0.227849908821,0.2,0,0.0005028802632540586
0.24723111018599997,0.24,0,-0.00010411511238481882
0.320165939143,0.82,0,-0.0005107947167900923
0.22935920735999998,0.32,0,2.060083578927955e-15
0.174283977849,0.84,0,-1.1557642924808166e-05
0.22585448405900002,0.6,0,-0.00013375305919158159
0.32503255489300004,0.66,0,-0.00035905319541596126
0.284064790979,1.22,0,-2.462922111046533e-05
0.191840320201,0.32,0,-4.4378291236222047e-16
0.288920195983,0.7,0,-5.1130342330623186e-05
0.310906692041,0.76,0,4.144868996340608e-16
0.232463039773,0.86,0,-2.9260966042778447e-05
0.31702096894000004,-0.28,0,0.0005530042495706083
0.24022200178199998,0.78,0,1.7637307754028257e-14
0.140867635797,1.34,0,-6.8832823166257584e-18
0.256206255896,0.6,0,1.7063309165621384e-07
0.334100080952,0.84,0,-2.4703262750836263e-15
0.175471923131,1.04,0,-2.696957450528527e-05
0.151068198948,1.16,0,-0.002344711987587097
0.21298644938,0.46,0,-9.654531218833492e-05
0.126251650113,0.54,0,-4.906847344482979e-15
0.203579104384,0.36,0,2.1592828517214002e-05
0.214399739317,0.42,0,-4.430379512143643e-06
0.367780484501,0.86,0,9.716237560652982e-05
0.13759676190300002,-0.32,0,2.9816633303158088e-05
0.259517984079,0.52,0,9.674977954963586e-16
0.22631354681,0.44,0,-2.4395621220742595e-16
0.35966817554799996,1.08,0,-0.0003013653551779037
0.260945338618,0.64,0,-0.00010270052840033438
0.195270178653,0.18,0,-4.681577575299268e-15
0.227431725962,1.16,0,6.908578992259608e-05
0.17118253193500002,0.44,0,-6.669227789147611e-06
0.23343580764600003,0.88,0,-0.00013655676090182272
0.23038748258900002,0.94,0,0.00016367538387773823
0.216450353598,0.74,0,0.00034054506313914304
0.376332509943,0.72,0,0.0001272490563498965
0.20713262876699998,0.68,0,-0.0001641934635469284
0.193432908716,-0.36,0,-7.412855425925376e-05
0.191433003226,0.14,0,1.3892937179536493e-15
0.320532696647,0.6,0,1.4441312379063e-15
0.267386091099,0.94,0,-3.0763552383965757e-15
0.265805804985,0.26,0,-3.5763694350182884e-15
0.17832042143,1.12,0,-3.590743731573753e-15
0.17788409531,-0.42,0,-6.450658199146581e-07
0.289725975287,0.56,0,-0.00044375132251553445
0.19718813846799998,0.86,0,-5.75491008714585e-05
0.269877998022,0.52,0,-2.228907479828662e-16
0.2724379252,1.08,0,8.013034836196195e-05
0.183805236782,0.8,0,0.00016145147348822775
0.316919715571,0.82,0,3.0226905064267853e-05
0.19654278526299998,0.62,0,-4.6703269959544644e-05
0.189796902736,0.16,0,-9.276302747487023e-17
0.25941097765,-0.16,0,-5.436185352659023e-05
0.197284218538,0.58,0,-5.706327534937827e-07
0.436746085136,1.06,0,-0.00045877040911816377
0.17617046570099998,0.66,0,-2.075900956733672e-15
0.143707806097,1.2,0,2.6337166902343425e-15
0.390250650046,0.8,0,3.889864479338197e-15
0.259777778972,0.82,0,-0.00011116954135256863
0.249204900796,0.78,0,-4.273105122388008e-15
0.225017135867,0.28,0,-2.989268566011561e-07
0.21283046635000002,1.22,0,0.0018016624740801281
0.298612912891,0.74,0,-1.9783876937661508e-05
0.216301828955,1.12,0,-0.004492241975698485
0.179787713308,0.42,0,-4.019483737765775e-06
0.20511895973400002,1.14,0,-3.63150008373112e-15
0.22426718082699998,0.96,0,1.2732839511642167e-05
0.229351996919,0.52,0,7.064721446109041e-05
0.253135538153,1.3,0,-2.103235960773244e-12
0.197696750999,0.32,0,3.399770973562982e-15
0.207179764789,0.42,0,-0.00016946378880277626
0.36739504348000007,1.24,0,-0.0002489401267760493
0.30712354684300003,0.8,0,9.653094741026732e-17
0.251444406531,0.34,0,-7.1852957822485675e-06
0.36221866568000005,0.42,0,-0.0005762817038398637
0.285379329624,0.98,0,-0.09562132340272286
0.225940190061,1.14,0,-2.474800516338859e-05
0.324759337299,0.26,0,0.0012594723043247735
0.225027016268,1.16,0,-3.891016156147865e-05
0.276266576825,1.14,0,4.167615851248454e-15
0.20187446207499998,-0.64,0,-0.00011421299213988496
0.20015273428599997,0.82,0,-1.135265169654159e-05
0.373173937335,0.5,0,8.175386946965214e-16
0.244780412033,0.28,0,3.2631700928037553e-15
0.197372313906,1.06,0,6.72704044446124e-05
0.336294268114,0.48,0,7.695933708574441e-05
0.39060187433700005,0.76,0,1.6226363555175487e-05
0.268076541247,0.16,0,3.6279287617615376e-05
0.29206106593000003,1.3,0,2.7801462909688927e-15
0.197587107747,0.62,0,0.06384565854404656
0.22706927073199998,0.62,0,-0.00010276540544750147
0.25013452856999996,1.7,0,3.603567430054965e-05
0.26914132844599997,1.24,0,-4.24640234299002e-06
0.173962783097,0.38,0,2.4985411545349325e-15
0.163148053588,0.9,0,-2.3475376697020177e-05
0.207429250251,1.16,0,-5.178799769505773e-15
0.247738592655,0.52,0,1.2812996972306294e-15
0.143225100112,0.5,0,-8.005703144086338e-16
0.299626965368,0.34,0,2.704042178703096e-05
0.281597756762,0.54,0,-1.2420471213039635e-05
0.13900588575300002,2.16,0,1.323440645961682e-07
0.24930655535799998,0.66,0,9.178995244212842e-15
0.158860190154,0.96,0,-0.00028173250371901407
0.200989899045,1.02,0,-7.54970210792294e-07
0.187491639823,0.4,0,0.0003101912377285261
0.10947809131200001,1.22,0,-0.0001961751805286948
0.18009529049800002,1.22,0,0.0005875901302871969
0.30567131314199997,0.94,0,4.104286550798974e-05
0.287486749862,0.64,0,5.579286902031336e-15
0.138418987319,0.28,0,0.00027608499005334715
0.21895327112500002,0.52,0,-0.00017952821136575647
0.285335594548,0.54,0,1.4374623660273755e-06
0.183718654777,0.52,0,-8.935127259548968e-05
0.20309535893,0.42,0,-3.766409057496271e-15
0.176758131494,0.92,0,-0.00014822519325612373
0.237439391164,1.94,0,-3.1927823691546564e-06
0.256609231585,0.7,0,0.00018899544827508683
0.182972022942,0.9,0,-1.5906213348133252e-06
0.26204707942899996,-0.12,0,-0.000159358274340822
0.186199551124,1.46,0,4.7588909675155826e-05
0.122359930635,0.58,0,8.822787304459663e-05
0.248618780852,0.92,0,-0.0003013791768159096
0.30651919224199997,0.2,0,1.579564810740112e-15
0.27194236726599996,0.78,0,2.7319851444742752e-15
0.32021341947099996,0.08,0,-1.900666722644021e-15
0.196803172713,0.16,0,-0.0001412582089439347
0.186740522249,1.0,0,0.0013281795875226265
0.329432837445,0.1,0,-1.7796957095205215e-06
0.275593424162,0.72,0,1.4343308636810544e-05
0.270966314754,0.3,0,-0.0002186882633497928
0.19024735874,0.98,0,-1.107437609000226e-15
0.316315032422,0.54,0,1.1692430980758672e-05
0.130458635703,2.08,0,-5.821187784369873e-17
0.280223591551,0.5,0,-4.6033912185082355e-15
0.22299386248599998,0.74,0,-5.7851569674201354e-15
0.26607250065099997,0.26,0,8.292728608025996e-16
0.228324128852,0.98,0,1.135646119270418e-15
0.23469609343800002,0.64,0,-1.0833600025961223e-06
0.21391149672,1.38,0,-1.1913046231699491e-05
0.208067334653,0.28,0,3.488277587609712e-15
0.357576422545,0.34,0,-5.762042993706375e-16
0.187053558081,0.52,0,-2.4796201161493213e-15
0.235254375254,0.34,0,-1.0164434920025405e-15
0.155069621449,0.54,0,-1.1154877288785273e-05
0.224095780555,0.48,0,-4.443337806295282e-05
0.256582509153,0.86,0,6.659469167059731e-05
0.277726295934,0.3,0,0.00013831897111095707
0.130701072991,0.86,0,-0.00024585406873955685
0.158562655854,0.5,0,9.812002334615329e-16
0.329098362648,1.02,0,4.526689753412294e-16
0.276797132687,1.52,0,-2.7752794591273736e-15
0.252229558931,0.58,0,-2.404305609220347e-15
0.18087130677000002,1.14,0,3.1300987659118066e-05
0.182708933973,0.9,0,9.376634572284609e-05
0.211604633645,0.36,0,-0.0002439913083016008
0.180364742454,0.66,0,-0.0006551531803033218
0.322038888304,0.5,0,4.390427549503376e-05
0.268255809131,0.4,0,3.983828566231557e-05
0.182052506384,1.2,0,-0.0004795762516280168
0.204630122588,1.26,0,5.552739667935167e-05
0.28643384376200004,0.76,0,-0.0005548261473823791
0.273759823809,0.82,0,-0.000734920852558676
0.16114262444,0.82,0,-1.2020381859053665e-05
0.36303269349600004,0.56,0,-0.00027831493488827096
0.23004988221,0.62,0,-1.4405911861719475e-16
0.243797487965,0.66,0,-0.0003307541490972936
0.277560600251,1.04,0,-2.2889808597373285e-15
0.32717850135000004,0.42,0,4.9417791325723215e-05
0.22543077200699999,0.06,0,3.5337219585832175e-15
0.252575930404,0.68,0,-0.0002530280298099769
0.17183320582199998,0.74,0,-3.3120095965190446e-05
0.138688477845,1.5,0,-0.0014695652650694056
0.21591111503000002,0.46,0,-0.00018081607336774706
0.197773291379,1.5,0,-0.0003515901943491701
0.19570941017700003,0.58,0,-4.263048572708948e-16
0.159454930233,1.5,0,3.600198934102638e-15
0.316700768326,0.54,0,-0.00046715467351798163
0.34332265136699996,1.12,0,-2.069000164673237e-15
0.220281128476,0.38,0,-3.125663091663145e-15
0.194308682149,1.18,0,-0.02324831142910489
0.210479678418,0.72,0,-3.4076285686523984e-06
0.215072802387,0.98,0,0.00020360452928080977
0.18294582862,0.76,0,-0.00039295404554416365
0.271885533825,0.1,0,0.00013946712039965904
0.296833294974,1.08,0,0.0003987253186252314
0.161993455519,0.12,0,-8.520841551970571e-16
0.268427163891,0.02,0,0.00034030003605943043
0.135981719277,1.76,0,9.6573377316706e-16
0.34196094239200003,0.92,0,0.000744141142040064
0.171364077237,0.9,0,0.006118864120114864
0.242547073091,0.88,0,1.8046688365378407e-05
0.19297983896499998,0.5,0,2.340339069917263e-05
0.22193712680599997,0.6,0,-6.425805059266658e-05
0.167716285907,0.8,0,-0.00015426817767396868
0.267775881527,1.02,0,-9.730931408048956e-05
0.271070064146,0.54,0,0.00010517075887691215
0.208317173632,-0.1,0,0.0009623171879873381
0.303106297553,0.4,0,0.0006041756522962151
0.29792867759799996,0.28,0,-3.8563758762223907e-07
0.156382078048,2.26,0,6.282723080097695e-05
0.31147785311,0.7,0,5.8215362454631404e-15
0.229919572245,0.78,0,1.3085405187523524e-05
0.256166333286,0.32,0,-0.00012263149780782656
0.197225707786,0.54,0,-0.0002678071753551576
0.207720153041,0.38,0,8.408024561669154e-17
0.27000919105300003,0.42,0,3.289065225456131e-16
0.189536647643,0.32,0,-1.1878183444647099e-15
0.22107831882399998,1.0,0,-0.00012461898433927866
0.186828495856,0.94,0,-3.3895393265481744e-06
0.220950260765,0.72,0,0.002245889907548816
0.26740290465,0.52,0,-0.0001487868081791787
0.375975819291,0.06,0,-0.000120088234408445
0.236475496279,0.42,0,-1.1078063720548951e-16
0.312981794129,0.44,0,-9.18553344857448e-16
0.280550714883,0.62,0,-0.00011892532815184751
0.329875520801,0.14,0,3.0853984088360637e-05
0.255667547786,0.42,0,2.8583532195798913e-16
0.153878030246,0.66,0,-7.034917332976258e-05
0.190857337091,0.08,0,-4.7613081104493345e-06
0.17991358814300001,1.48,0,-1.4104288526439746e-05
0.36169541514,0.86,0,4.809503568736773e-07
0.24397189873199998,1.18,0,5.065632138467891e-05
0.123588698816,0.38,0,-3.086551842825227e-15
0.20544867669,0.5,0,-2.0733128973660087e-06
0.331289043062,1.04,0,0.0009008053027145963
0.217294641631,0.44,0,-0.000200471119925225
0.156114502661,1.12,0,-2.5482758958156924e-15
0.222638339228,0.52,0,-0.0003688867096270216
0.178678214575,0.62,0,-8.63531022332587e-06
0.268591271069,0.62,0,4.247292957481727e-05
0.19974275778099998,0.6,0,0.0001261510295897571
0.175038805396,0.96,0,-4.470540314502052e-15
0.35519729988300003,0.52,0,-4.416409939447787e-15
0.186576550297,1.22,0,-0.000289771748243746
0.251128733492,0.24,0,-0.0002826679178212102
0.198443357778,0.5,0,1.5658445436864044e-15
0.160179932516,0.7,0,5.8188380687372074e-05
0.295847416242,0.74,0,0.0025524715819855714
0.25632028139699997,-0.16,0,-3.5043112731614214e-06
0.127847252543,2.0,0,-4.081638596886705e-06
0.217045685567,0.54,0,-0.00022334199519322378
0.174241213048,0.64,0,-1.0750104340669994e-15
0.307734331271,0.78,0,3.3360650171232464e-05
0.29392954477,0.4,0,-0.0004199674502976473
0.280874951514,0.78,0,-8.562857128318116e-16
0.24615922528200002,0.28,0,0.0002534314597042801
0.230810476366,0.3,0,0.00010938643360190452
0.176845416468,1.48,0,7.259570373314332e-05
0.295160247307,1.04,0,2.812476793678797e-07
0.21770763782699998,0.22,0,-2.3465841826629767e-15
0.208236688589,0.28,0,-0.0008753463657790109
0.24919087762800002,0.48,0,-7.639844245030337e-05
0.263822931255,0.28,0,4.97857563302416e-05
0.14813877834300002,1.64,0,-5.2252498435310306e-05
0.28068888877099996,0.56,0,0.000803567890404101
0.170956044293,1.24,0,3.2416584862336536e-05
0.21137216004599998,0.3,0,0.0005821604633303606
0.24172964993,0.2,0,2.119041395355117e-15
0.276388802785,0.12,0,-4.383759807657404e-15
0.112412560035,0.72,0,2.522116746561664e-06
0.210766925482,-0.04,0,0.00016779554911945495
0.380597521656,0.8,0,-0.0008525128701076207
0.313950758241,0.32,0,-0.00041462024304608986
0.29435778846099997,0.88,0,2.6782007385151026e-05
0.40425256946500004,0.6,0,0.00012439974434275234
0.314302932837,1.14,0,-4.521285508023412e-16
0.21212867451499998,1.62,0,3.4818993842276158e-15
0.19015355512600002,0.3,0,-0.00011058295751480709
0.27846269357500003,0.54,0,-0.00029308296553725313
0.338524968869,0.4,0,0.0004614791084947129
0.21783976403799998,0.84,0,-3.1368607520442854e-15
0.19369748862199998,0.42,0,2.988368304602941e-15
0.293434076125,0.68,0,-0.00035522350217973535
0.166523966194,1.26,0,-0.00012566657857194732
0.323074492228,0.8,0,3.921932894002112e-07
0.17880528253,0.74,0,-0.00012361364347337364
0.259278642535,0.18,0,-4.1846248840363934e-15
0.293693004947,0.94,0,2.520112065695912e-06
0.304149671176,-0.26,0,5.7704636473545046e-05
0.245773001303,0.0,0,-1.4895130996487296e-05
0.268118625998,0.18,0,4.34445958526173e-05
0.176501933537,0.78,0,-0.0040304324857966395
0.22450576341400003,0.22,0,-1.5074017449091833e-15
0.224398215825,0.28,0,3.683286351398907e-15
0.269965503994,0.44,0,-0.00022328500998461103
0.19067533276700002,0.44,0,0.0
0.149424910534,0.78,0,-3.3190323628617264e-15
0.190495273848,0.36,0,-0.0002482394164957129
0.276898918278,0.14,0,-0.00012779491960673611
0.223235542216,0.86,0,-2.1264164247867543e-16
0.19194931104200003,1.24,0,-9.000416329061023e-05
0.266463448128,0.52,0,-2.891894084097661e-15
0.17475084289,1.48,0,1.6140240039370624e-15
0.275479159933,1.04,0,-0.0004166347987398592
0.247674082824,0.78,0,0.0019287714514888415
0.148112531609,0.48,0,-4.787459520739422e-05
0.271850369947,0.1,0,-2.4808474246203995e-15
0.30080936901599997,0.46,0,1.0962551755255845e-06
0.171102770284,1.14,0,-0.00018477873475490319
0.20503540407499998,0.76,0,0.0005181658564541597
0.208768638616,0.96,0,-1.036173762464638e-15
0.24678072624400002,0.54,0,0.0007502662165990159
0.225805130036,0.54,0,6.543940256810312e-16
0.173388386993,0.46,0,-4.409715062347127e-15
0.28067900561299997,0.48,0,2.1449089664497786e-15
0.21060294689,0.58,0,-2.502860512442304e-05
0.42323664691699997,0.42,0,-0.0007344201458599165
0.27276988492800003,0.36,0,-1.5913752998368088e-15
0.211115221924,0.64,0,5.665755327393719e-15
0.216898524682,0.68,0,-1.4820115021038008e-15
0.378201100165,-0.02,0,9.410401313908216e-06
0.269770542921,0.34,0,1.528538536813611e-05
0.23394254231400002,0.1,0,-1.843600760457308e-15
0.397106786317,0.84,0,-0.0003635618334420649
0.22331859350000002,0.66,0,-0.0001246731234137985
0.156544532299,0.76,0,-2.308240889299945e-05
0.23368031963799998,0.88,0,2.12192754344262e-15
0.295029736359,0.3,0,1.1230386897428467e-05
0.10388334852299999,0.18,0,3.423755266290872e-06
0.322307634377,0.1,0,-3.178174263709053e-15
0.220934477354,0.18,0,2.731739554048045e-15
0.173954114966,1.1,0,-2.8907870209793848e-05
0.248800230271,1.16,0,2.1962660774477168e-06
0.328319707881,0.58,0,-0.005862351298657803
0.175237130882,0.36,0,-0.00039867488015475166
0.21483087650899998,0.32,0,-0.000251107004979349
0.147700564026,1.26,0,-3.696800303298762e-15
0.172014521226,0.74,0,-6.895452968510379e-05
0.24081344980099997,0.92,0,3.565253726567514e-15
0.22055368806200001,0.42,0,0.00010288137912397708
0.15576850989399998,0.5,0,4.289737790620147e-05
0.326606262762,0.4,0,-0.0007615345336594023
0.233389850794,0.68,0,-1.5596459039812773e-06
0.24389173392299998,1.66,0,7.263064343315295e-05
0.18097789444499998,0.32,0,4.7677503666594804e-06
0.361802553155,0.7,0,0.00010246595137871916
0.320140925871,0.52,0,0.0006586655419305031
0.36618053234399994,1.06,0,-2.0196278800015075e-15
0.15958876944599998,1.26,0,-2.3416360466902306e-15
0.31545384340599997,0.38,0,7.985753298974892e-16
0.17383987346000002,0.66,0,-7.007668758037368e-05
0.286610049539,0.78,0,-0.0004915406488004896
0.26176404394,1.02,0,-0.00014691892086401742
0.20256666256099998,0.68,0,-6.544563184718333e-07
0.289727984348,0.94,0,-2.5057640908019033e-05
0.232177455581,0.46,0,2.0449997535365587e-06
0.24518928616799998,0.56,0,0.000588782286747034
0.342913948369,0.1,0,1.2774080731581478e-05
0.25190645296,0.34,0,0.0008374154772843021
0.21425878112799998,0.2,0,1.5793902748284773e-15
0.258267066657,0.42,0,-6.035986873559839e-05
0.173013607086,0.72,0,0.0005082703255041565
0.195507512059,0.26,0,-4.8882641059501094e-05
0.19187048639600002,1.1,0,-5.8231027578945765e-05
0.26334439073399996,0.74,0,-1.6520763935217209e-06
0.178218095095,1.12,0,-9.098360685300122e-06
0.111739992963,2.32,0,-0.00020436128994407148
0.150328804099,0.32,0,8.739532046083653e-15
0.155769863441,1.34,0,-0.0003642433872841109
0.370668070373,0.84,0,4.9243576381621694e-05
0.18256885914,0.54,0,-0.00015762432616076217
0.182989274495,1.92,0,5.023348954580342e-07
0.229750328289,0.56,0,4.3241756308987073e-07
0.282240423449,0.64,0,0.00016923775299731354
0.173137629922,0.6,0,-5.843206284077433e-05
0.24691376451699998,0.28,0,-0.000258253124772587
0.236654556457,1.22,0,-0.0002394584747059645
0.22263273965100003,0.56,0,-2.1600662110996872e-05
0.215369463545,0.62,0,-3.3287486086997e-15
0.15285425391899998,0.24,0,-8.580714096345536e-15
0.23133243995000002,0.84,0,-0.00010443994394326606
0.236291452694,0.5,0,0.00174784201517139
0.36970041194700004,1.18,0,-3.6283422557643723e-16
0.234826077578,0.52,0,-4.1006153305963205e-15
0.330109971363,1.14,0,-4.2964299790860315e-16
0.17712971023,1.08,0,-0.00011721364270829597
0.231978687086,1.3,0,4.584057724374264e-16
0.241374137579,1.12,0,-2.1883745173495466e-05
0.32948231401,0.72,0,2.67727880915552e-15
0.229235403199,0.76,0,-1.3575250661222879e-16
0.151789957673,0.68,0,-0.00010375877701002092
0.188033212299,0.2,0,0.000243102532201948
0.210500429019,0.54,0,-3.4432163431574736e-07
0.350232591035,0.82,0,2.2527373388925303e-07
0.24099641936900001,0.14,0,-3.4481333174712907e-15
0.205011139157,1.06,0,-2.4000980579204776e-05
0.240506017834,2.06,0,-3.920487364794667e-05
0.17326526362300002,1.0,0,-7.020761629599114e-05
0.188626383189,0.68,0,-0.00039656520757950803
0.25853445035100003,0.1,0,6.381966335423253e-16
0.203227914386,0.44,0,-3.5671714587305426e-06
0.280857732368,0.36,0,-0.00025244526926260897
0.209465313885,0.3,0,2.8574600960951098e-06
0.340169981,0.9,0,-1.7898238061396804e-15
0.31717935213000004,0.26,0,-0.00011722216856001096
0.115085404738,1.52,0,-0.0026877435681957533
0.480944344594,0.3,0,-0.0007773101560660983
0.212885490983,0.46,0,3.186592004999383e-16
0.291349008346,0.14,0,0.0005601670775834031
0.291750188061,0.4,0,-0.00013927789702920215
0.31183507769900004,0.48,0,2.349661347267329e-06
0.321079442519,0.76,0,-0.0008940096436995793
0.17479391426899998,0.4,0,1.7276752818247077e-05
0.331040466912,0.96,0,1.0886216888090005e-15
0.123100610028,1.48,0,0.006038323751969443
0.27399840084000004,-0.18,0,-0.00041371774898363593
0.244741676257,0.84,0,-4.27572959738564e-16
0.24869028528099998,0.9,0,0.007435598638853234
0.228529696541,1.16,0,0.0017994695297485206
0.134998470097,0.96,0,-5.159200746618354e-07
0.24119929286,0.62,0,-0.00022043882810703788
0.254514443581,0.18,0,6.3590481235616685e-15
0.226870315277,0.78,0,-2.149518676830553e-06
0.280914352184,0.46,0,-0.0006083497020787913
0.21461389696199998,0.52,0,0.002603100309741535
0.288517198729,0.26,0,1.5204131623202784e-15
0.240117170085,0.9,0,-3.628606088329988e-05
0.25470835986900003,1.44,0,2.479720545634514e-16
0.18984739489900002,0.4,0,2.0094187407348512e-15
0.257538150314,0.14,0,-5.8650688208484206e-18
0.18607071129099997,0.32,0,-2.5953280138472532e-05
0.264324544298,0.18,0,-1.8679296447156295e-15
0.167595960557,0.96,0,-1.694393247840985e-05
0.236806629333,0.18,0,-2.298375853815668e-15
0.30196901515999997,1.0,0,6.369514690062939e-05
0.23903432711,0.9,0,-3.6891982417554936e-05
0.41411906978,0.76,0,-0.0001961362904735413
0.192765886253,1.86,0,-9.169475822447888e-05
0.20799492972800002,-0.04,0,0.0004942542754550912
0.16491816488299998,1.38,0,-2.459712735346448e-07
0.219265137394,0.7,0,-6.396305795659059e-05
0.15353791883600001,1.5,0,0.001555018121040419
0.21666624233100001,0.54,0,2.972006737422817e-05
0.339629026043,0.82,0,1.4730292750201877e-15
0.193220644848,0.02,0,-4.630165792106762e-05
0.27044426570999996,0.46,0,2.696471879908103e-16
0.121974858312,0.46,0,-6.442046418772997e-05
0.139547710849,0.4,0,4.509324010005682e-05
0.248656639059,0.98,0,-1.6738769538209656e-15
0.305664941481,0.3,0,-0.000622945594946929
0.15171027423699998,1.2,0,2.0690837059289958e-05
0.279711216404,0.72,0,3.4754809163928263e-07
0.254986704658,0.02,0,0.0006130285477565567
0.32500081976100004,0.48,0,0.00010540531134683854
0.312706645011,0.04,0,-1.0707152562446989e-15
0.297717520803,0.78,0,0.00013278779779213312
0.27416531418900003,0.08,0,0.0011345887673782087
0.211260136747,0.26,0,-1.0058490891877434
0.24906713932799998,1.0,0,0.00015456753830738148
0.15612175803300002,0.42,0,-2.051843158395338e-15
0.264613729488,0.76,0,-1.240436535431608e-05
0.359255772306,0.52,0,0.0006038501362239749
0.17143209589800001,0.52,0,3.5006227291201298e-15
0.256959530844,1.54,0,1.2103543658257274e-15
0.233445541343,1.06,0,-0.00016391543854897078
0.208989646154,0.78,0,5.084377079356269e-07
0.222982767645,0.28,0,-1.2105426943320232e-15
0.416846555686,0.34,0,3.660391642948062e-15
0.35624564208099996,0.1,0,2.3019128330698252e-15
0.217013069427,0.76,0,0.0006590085266111599
0.252177899656,1.5,0,9.70416078516223e-06
0.31603370517900004,0.44,0,2.293781929321069e-05
0.299041958312,0.32,0,0.0003303324899319885
0.20440991305599998,0.22,0,-1.0518279700832664e-15
0.262545019909,0.96,0,2.397057631498001e-06
0.234775568845,0.48,0,0.00023231740401516665
0.284101106668,0.16,0,-2.212326755241553e-05
0.397653774884,0.54,0,-0.00019494547766215836
0.224586491413,0.38,0,-0.00027246465708326235
0.335840494591,0.92,0,-6.956289977335555e-05
0.194883129069,0.76,0,0.001443677137176636
0.204310177054,1.06,0,0.00019761371765980584
0.164622691189,0.6,0,6.842767876588642e-05
0.299609871608,0.5,0,-0.0008740922449195906
0.236718615552,1.18,0,4.4687701616158314e-05
0.19760018601799997,0.56,0,-3.865325102438537e-15
0.21958217013700002,1.32,0,-0.0001920893974260124
0.23606678538800002,0.72,0,0.0012253964745596586
0.12614594326300002,1.64,0,-8.508027420361945e-07
0.38254700830300004,0.08,0,-0.0012807095595998214
0.250477736657,0.38,0,-0.0001513330567593149
0.183087505323,0.34,0,2.0261649798619703e-15
0.280728057185,0.42,0,-6.398498211767133e-15
0.244739072392,0.24,0,-0.00014629294628828993
0.15811291133400002,0.52,0,-4.9199025005215085e-15
0.18118146529399998,0.6,0,-1.7487396419824103e-07
0.21810094765000002,0.76,0,-3.4537415839199556e-16
0.216872352559,0.84,0,-0.001171069243785459
0.267247545245,-0.24,0,1.742458742228669e-05
0.437255702433,0.5,0,8.826374875264691e-05
0.18705811568,0.16,0,1.5731508618646526e-15
